pathway,Significant_Association,pval
RTK.RAS,FALSE,0.848402577750445
Nrf2,FALSE,0.773291398974886
TGF_Beta,FALSE,0.999999999999996
PI3K,FALSE,0.321724364360766
p53,FALSE,0.685813305714846
Wnt,FALSE,0.999999999999999
Myc,FALSE,0.268834111593004
Cell_cycle,FALSE,0.586347504646116
Hippo,FALSE,0.908793339526621
Notch,FALSE,0.497429307836637
